{"_runtime":5160.059741986,"_step":179,"total avg loss":17.184791564941406,"_wandb":{"runtime":5180},"avg reconstruction loss":0.27305763959884644,"avg sac loss":16.911733627319336,"reward":-429.44480116829146,"_timestamp":1.7483308069671507e+09}