{"_wandb":{"runtime":31591},"gradients/graph_1net.0.bias":{"_type":"histogram","values":[2,1,0,4,0,2,0,2,1,4,2,7,3,4,3,1,2,8,6,7,4,5,9,6,12,8,5,5,6,20,6,5,11,6,5,7,7,8,7,4,12,2,5,3,4,3,7,0,2,2,2,3,1,0,0,0,0,1,1,1,1,0,0,1],"bins":[-0.0004916734178550541,-0.0004748399369418621,-0.00045800645602867007,-0.0004411730042193085,-0.00042433952330611646,-0.00040750604239292443,-0.00039067259058356285,-0.0003738391096703708,-0.0003570056287571788,-0.00034017214784398675,-0.0003233386669307947,-0.00030650521512143314,-0.0002896717342082411,-0.00027283825329504907,-0.0002560048014856875,-0.00023917132057249546,-0.00022233783965930343,-0.0002055043587461114,-0.0001886708923848346,-0.00017183742602355778,-0.00015500394511036575,-0.00013817046419717371,-0.00012133699783589691,-0.00010450352419866249,-8.767005056142807e-05,-7.083657692419365e-05,-5.400310328695923e-05,-3.716962964972481e-05,-2.0336156012490392e-05,-3.502682375255972e-06,1.3330791261978447e-05,3.0164264899212867e-05,4.69977967441082e-05,6.383127038134262e-05,8.066474401857704e-05,9.749821765581146e-05,0.00011433169129304588,0.0001311651722062379,0.00014799863856751472,0.00016483210492879152,0.00018166558584198356,0.0001984990667551756,0.0002153325331164524,0.0002321659994777292,0.00024899948039092124,0.00026583296130411327,0.00028266641311347485,0.0002994998940266669,0.0003163333749398589,0.00033316685585305095,0.000350000336766243,0.00036683378857560456,0.0003836672694887966,0.0004005007504019886,0.0004173342022113502,0.00043416768312454224,0.00045100116403773427,0.0004678346449509263,0.00048466812586411834,0.0005015016067773104,0.0005183350294828415,0.0005351685103960335,0.0005520019913092256,0.0005688354722224176,0.0005856689531356096]},"gradients/graph_1net.2.bias":{"_type":"histogram","values":[1,0,0,0,1,0,1,1,1,0,2,2,0,1,2,0,0,1,1,1,1,1,1,2,1,0,1,0,1,0,1,2,0,0,0,4,1,1,0,0,1,0,1,2,0,1,2,0,1,0,0,0,0,0,0,0,0,0,0,0,0,0,0,1],"bins":[-0.0009169105323962867,-0.0008753507281653583,-0.000833790865726769,-0.0007922310614958405,-0.0007506711990572512,-0.0007091113948263228,-0.0006675515323877335,-0.000625991728156805,-0.0005844319239258766,-0.0005428720614872873,-0.0005013122572563589,-0.00045975239481776953,-0.0004181925905868411,-0.00037663275725208223,-0.00033507292391732335,-0.0002935130905825645,-0.0002519532572478056,-0.00021039342391304672,-0.00016883359057828784,-0.0001272737717954442,-8.571393846068531e-05,-4.415410876390524e-05,-2.5942790671251714e-06,3.89655506296549e-05,8.052538032643497e-05,0.00012208521366119385,0.00016364504699595273,0.00020520486577879637,0.00024676468456164,0.0002883245178963989,0.0003298843512311578,0.00037144418456591666,0.00041300407610833645,0.0004545639094430953,0.0004961237427778542,0.0005376835470087826,0.000579243409447372,0.0006208032136783004,0.0006623630761168897,0.0007039228803478181,0.0007454827427864075,0.0007870425470173359,0.0008286023512482643,0.0008701622136868536,0.0009117220179177821,0.0009532818803563714,0.0009948416845872998,0.0010364014888182282,0.0010779614094644785,0.001119521213695407,0.0011610810179263353,0.0012026408221572638,0.0012442006263881922,0.0012857605470344424,0.0013273203512653708,0.0013688801554962993,0.0014104399597272277,0.0014519997639581561,0.0014935596846044064,0.0015351194888353348,0.0015766792930662632,0.0016182390972971916,0.0016597990179434419,0.0017013588221743703,0.0017429186264052987]},"_runtime":31587.700330945,"total avg loss":1144.190185546875,"avg reconstruction loss":0.04487393796443939,"gradients/net.2.weight":{"values":[3,1,8,18,26,33,46,89,130,195,298,334,408,513,613,707,769,942,1149,1339,1404,1337,1205,1130,1240,1309,1374,1361,1532,1636,1609,1425,1203,954,808,676,627,556,559,450,401,364,326,263,274,184,175,158,104,129,86,75,62,42,35,19,16,10,9,8,4,6,1,1],"bins":[-0.001240971963852644,-0.001193017465993762,-0.00114506296813488,-0.0010971083538606763,-0.0010491538560017943,-0.0010011993581429124,-0.0009532448602840304,-0.0009052903042174876,-0.0008573358063586056,-0.0008093813084997237,-0.0007614267524331808,-0.0007134722545742989,-0.0006655177567154169,-0.000617563200648874,-0.0005696087027899921,-0.0005216541467234492,-0.0004736996488645673,-0.00042574512190185487,-0.00037779059493914247,-0.0003298360970802605,-0.0002818815701175481,-0.0002339270431548357,-0.00018597253074403852,-0.00013801801833324134,-9.006349137052894e-05,-4.2108971683774143e-05,5.8455480029806495e-06,5.380006768973544e-05,0.00010175458737649024,0.00014970911433920264,0.00019766362674999982,0.000245618139160797,0.00029357278253883123,0.00034152730950154364,0.00038948183646425605,0.000437436334323138,0.0004853908612858504,0.0005333453882485628,0.0005812998861074448,0.0006292544421739876,0.0006772089400328696,0.0007251634378917515,0.0007731179939582944,0.0008210724918171763,0.0008690269896760583,0.0009169815457426012,0.0009649360436014831,0.001012890599668026,0.001060845097526908,0.0011087995953857899,0.0011567540932446718,0.0012047087075188756,0.0012526632053777575,0.0013006177032366395,0.0013485722010955215,0.0013965266989544034,0.0014444813132286072,0.0014924358110874891,0.001540390308946371,0.001588344806805253,0.001636299304664135,0.001684253802523017,0.0017322084167972207,0.0017801629146561027,0.0018281174125149846],"_type":"histogram"},"gradients/graph_1net.2.weight":{"_type":"histogram","values":[2,6,2,17,22,41,54,71,109,133,137,198,233,312,379,400,340,197,218,308,308,588,911,587,216,66,143,286,314,325,324,354,341,312,314,278,297,283,228,174,147,120,70,63,24,24,24,24,24,12,21,15,18,20,18,14,6,8,6,2,1,3,2,2],"bins":[-0.008954871445894241,-0.008557533845305443,-0.008160196244716644,-0.007762858644127846,-0.007365521043539047,-0.006968183908611536,-0.0065708463080227375,-0.006173508707433939,-0.0057761711068451405,-0.005378833506256342,-0.004981495905667543,-0.004584158305078745,-0.004186821170151234,-0.0037894833367317915,-0.0033921459689736366,-0.002994808368384838,-0.0025974707677960396,-0.002200133167207241,-0.0018027956830337644,-0.0014054581988602877,-0.0010081205982714891,-0.0006107830558903515,-0.00021344551350921392,0.00018389202887192369,0.0005812295712530613,0.0009785671718418598,0.0013759046560153365,0.0017732421401888132,0.0021705797407776117,0.0025679173413664103,0.002965254709124565,0.0033625923097133636,0.003759929910302162,0.004157267510890961,0.004554605111479759,0.004951942712068558,0.005349280312657356,0.0057466174475848675,0.006143955048173666,0.0065412926487624645,0.006938630249351263,0.007335967849940062,0.00773330545052886,0.008130642585456371,0.00852798018604517,0.008925317786633968,0.009322655387222767,0.009719992987811565,0.010117330588400364,0.010514668188989162,0.010912005789577961,0.01130934339016676,0.011706680990755558,0.012104018591344357,0.012501356191933155,0.012898693792521954,0.013296030461788177,0.013693368062376976,0.014090705662965775,0.014488043263554573,0.014885380864143372,0.01528271846473217,0.01568005606532097,0.016077393665909767,0.016474731266498566]},"avg sac loss":1144.145263671875,"gradients/net.2.bias":{"_type":"histogram","values":[1,2,0,2,1,1,1,0,2,2,2,4,2,1,4,4,3,6,4,1,3,2,1,4,4,2,5,3,2,3,2,5,7,2,3,5,2,5,2,1,1,0,3,0,1,3,1,2,2,1,0,1,0,0,0,1,1,3,0,0,0,0,0,2],